Title==>,{}
屬性,,Gain(A)
結論,0.9402859586706311,
Wind,0.2785810378492946,0.6617049208213366
newAtt,0.39355535745192405,0.5467306012187071
Title==>,"{""Wind"": ""Yes""}"
屬性,,Gain(A)
結論,0.6500224216483541,
newAtt,0.0,0.6500224216483541
