Title==>,{}
屬性,,Gain(A)
結論,0.9402859586706311,
Wind,0.0,0.9402859586706311
